throttle,no_bottle_median,no_bottle_q25,no_bottle_q75,no_bottle_samples,bottle_median,bottle_q25,bottle_q75,bottle_samples,bottle_097_median,bottle_097_q25,bottle_097_q75,bottle_097_samples,bottle_shift_counts,signed_counts_per_kg,bottle_offset_per_kg,bottle_097_offset_per_kg,no_bottle_relative_kgf,no_bottle_relative_N,bottle_relative_kgf,bottle_relative_N,bottle_097_relative_kgf,bottle_097_relative_N
200,259550.0,259526.0,259605.25,30,-363371.5,-363400.25,-363351.25,30,-111484.5,-111651.25,-111139.5,30,-622921.5,-384519.44444444444,384519.44444444444,382509.793814433,0.0,0.0,0.0,0.0,0.0,0.0
250,292732.5,292336.5,293028.0,30,-337174.5,-337380.75,-336983.75,30,-79958.0,-80160.75,-79801.25,30,-629907.0,-388831.48148148146,388831.48148148146,384217.0103092784,0.08142852273889185,0.7985410225173537,0.0642863862032924,0.6304340892605174,0.07736476522648005,0.7586891749082605
300,308365.5,308083.0,308571.75,30,-323334.0,-323632.75,-322971.25,30,-64099.5,-64444.25,-63652.0,30,-631699.5,-389937.9629629629,389937.9629629629,383984.5360824742,0.11979127708160553,1.1747511273923268,0.09825041751400235,0.9635074569136911,0.11628088751547927,1.1403259655536748
350,325502.0,324960.5,325829.0,30,-309160.0,-309408.0,-308823.75,30,-47292.5,-47896.75,-47000.25,30,-634662.0,-391766.6666666666,391766.6666666666,384324.2268041237,0.16184356005953127,1.5871431482578022,0.13303284443485078,1.3046065438770293,0.15752459072266847,1.5447885276104567
400,341690.0,341187.25,342209.5,30,-293801.0,-294475.5,-293403.5,30,-30235.0,-30582.5,-29828.75,30,-635491.0,-392278.39506172837,392278.39506172837,383427.8350515464,0.201568262119267,1.9767093977119097,0.17072321377853014,1.6742228044012226,0.19938301087240545,1.9552794035718748
450,357853.0,357264.75,358268.75,30,-279827.0,-280163.0,-279349.75,30,-13685.0,-13834.75,-13107.25,30,-637680.0,-393629.6296296296,393629.6296296296,383028.86597938143,0.2412316151827405,2.365674019031822,0.20501484872928052,2.0105088662909987,0.23999604639801866,2.3535572284091297
500,376540.5,375744.5,377649.75,30,-264632.0,-264892.75,-264446.75,30,3857.0,3506.0,4408.0,30,-641172.5,-395785.49382716045,395785.49382716045,384209.793814433,0.28708998988877654,2.8153910493427703,0.2423027686574795,2.376178446254871,0.2830434100953182,2.775707657611252
550,397259.5,396698.25,397622.75,30,-250389.5,-251217.75,-249792.75,30,24046.0,23412.75,24719.0,30,-647649.0,-399783.3333333333,399783.3333333333,384756.1855670103,0.33793358403108353,3.3139963818384253,0.2772532918280865,2.7189259943059043,0.3325864055168653,3.261558473661967
600,412211.5,411006.75,413037.75,30,-236046.5,-236520.0,-235634.5,30,41634.5,40690.25,42200.25,30,-648258.0,-400159.2592592592,400159.2592592592,382038.1443298969,0.3746251917156133,3.673818136337919,0.3124504379636678,3.0640920874564026,0.3757478783472126,3.6848279311936927
650,438867.5,437358.25,439475.75,30,-217713.0,-218496.5,-216824.0,30,65740.5,65071.5,67081.75,30,-656580.5,-405296.6049382716,405296.6049382716,384667.0103092784,0.44003794549028075,4.315298118142262,0.3574401108826303,3.505290063387146,0.43490303450312995,4.264941843310119
700,465212.0,464318.75,466773.0,30,-194945.5,-195962.0,-194007.5,30,92076.0,90587.0,93938.25,30,-660157.5,-407504.6296296296,407504.6296296296,384676.28865979385,0.5046862907715205,4.949281813394531,0.4133106417786665,4.053192805198759,0.49952929414571523,4.898708952434078
750,494666.0,493916.25,495660.25,30,-172133.0,-172966.75,-171087.25,30,119830.5,119244.75,120646.0,28,-666799.0,-411604.32098765427,411604.32098765427,386428.3505154639,0.5769652242078596,5.658096015978006,0.4692916008679747,4.602178477651924,0.5676377228161462,5.56662447445496
800,526841.5,525053.75,528289.5,30,-150600.0,-150905.75,-149478.0,30,150859.5,149439.0,151622.25,30,-677441.5,-418173.76543209876,418173.76543209876,387610.3092783505,0.6559226093773077,6.432403457249975,0.5221327183285807,5.120372822196975,0.6437816430170074,6.313341249492735
850,564348.5,562777.0,565080.75,30,-127462.0,-128134.75,-126435.0,30,186569.0,184819.0,187266.25,30,-691810.5,-427043.5185185185,427043.5185185185,389463.40206185565,0.7479632814896445,7.335014114420422,0.5789124413492235,5.677191692957362,0.731411322298088,7.172694843814544
900,599840.5,598331.75,601572.75,30,-104255.0,-105052.25,-102876.75,30,221120.0,218632.0,222052.25,30,-704095.5,-434626.8518518518,434626.8518518518,390433.5051546392,0.8350592245032435,8.189133543974734,0.6358614875995502,6.235671057368129,0.8161980890923757,8.004168990397746
950,634373.0,633428.75,636156.25,30,-80393.5,-81293.0,-78956.25,30,254845.0,253213.5,255625.5,30,-714766.5,-441213.8888888889,441213.8888888889,391265.9793814433,0.9198005930402973,9.02016248573863,0.6944166505720226,6.809901046332125,0.8989578850501585,8.815765343427136
1000,666467.5,664988.0,669086.0,30,-56374.5,-57919.75,-55668.5,30,287858.5,286095.0,291072.0,30,-722842.0,-446198.76543209876,446198.76543209876,390318.55670103093,0.9985592074618558,9.792520651855808,0.7533583122209473,7.387921292541552,0.9799716885743176,9.610239359757331
1050,707105.0,705572.25,708382.0,30,-33679.0,-34230.75,-31337.75,30,322286.0,319504.5,325128.5,30,-740784.0,-457274.07407407404,457274.07407407404,396720.61855670105,1.0982820008861522,10.770467183990185,0.8090521580077482,7.934091345326683,1.0644553913270698,10.438741463357609
1100,734352.5,733051.5,735932.25,30,-12505.5,-13362.5,-11625.25,30,354618.5,352172.5,356966.5,30,-746858.0,-461023.4567901234,461023.4567901234,391478.3505154639,1.1651462719123846,11.426181687449587,0.861011076902103,8.443634277302008,1.143798048193045,11.216827129312325
1150,731655.5,730560.75,732233.0,30,-15649.0,-16896.0,-14296.75,30,347775.5,347145.0,349031.0,30,-747304.5,-461299.07407407404,461299.07407407404,395752.57731958764,1.1585279421956125,11.361278044332602,0.8532970541120869,8.367985555708296,1.1270056009361402,11.052149476420398
1200,726238.0,723721.5,727830.75,30,-17184.0,-17668.5,-15956.5,30,345285.5,343838.0,346349.5,30,-743422.0,-458902.4691358024,458902.4691358024,392734.5360824742,1.1452336147055817,11.230905227652492,0.8495302257415844,8.331045588268708,1.1208952409084196,10.992227314254553
