throttle,force,bottle_attached,bottle_mass_kg
200,-111772,True,0.97
200,-111573,True,0.97
200,-111640,True,0.97
200,-111751,True,0.97
200,-111613,True,0.97
200,-111740,True,0.97
200,-111665,True,0.97
200,-111481,True,0.97
200,-111464,True,0.97
200,-111383,True,0.97
200,-111488,True,0.97
200,-111554,True,0.97
200,-111928,True,0.97
200,-111692,True,0.97
200,-111406,True,0.97
200,-111469,True,0.97
200,-111571,True,0.97
200,-111635,True,0.97
200,-111655,True,0.97
200,-111673,True,0.97
200,-111308,True,0.97
200,-110775,True,0.97
200,-110446,True,0.97
200,-109110,True,0.97
200,-109466,True,0.97
200,-109802,True,0.97
200,-110202,True,0.97
200,-110779,True,0.97
200,-111088,True,0.97
200,-111294,True,0.97
250,-80456,True,0.97
250,-80423,True,0.97
250,-80163,True,0.97
250,-79820,True,0.97
250,-79396,True,0.97
250,-79671,True,0.97
250,-79527,True,0.97
250,-79553,True,0.97
250,-79518,True,0.97
250,-79497,True,0.97
250,-79796,True,0.97
250,-80210,True,0.97
250,-80516,True,0.97
250,-80323,True,0.97
250,-80066,True,0.97
250,-80021,True,0.97
250,-80315,True,0.97
250,-79972,True,0.97
250,-79878,True,0.97
250,-79944,True,0.97
250,-80154,True,0.97
250,-79619,True,0.97
250,-79888,True,0.97
250,-80027,True,0.97
250,-79900,True,0.97
250,-79817,True,0.97
250,-79842,True,0.97
250,-80039,True,0.97
250,-80218,True,0.97
250,-79973,True,0.97
300,-64557,True,0.97
300,-64222,True,0.97
300,-64450,True,0.97
300,-64427,True,0.97
300,-64954,True,0.97
300,-64929,True,0.97
300,-64110,True,0.97
300,-64050,True,0.97
300,-64490,True,0.97
300,-64239,True,0.97
300,-64102,True,0.97
300,-63651,True,0.97
300,-63478,True,0.97
300,-63385,True,0.97
300,-63606,True,0.97
300,-64555,True,0.97
300,-64492,True,0.97
300,-63490,True,0.97
300,-63507,True,0.97
300,-63962,True,0.97
300,-63983,True,0.97
300,-63655,True,0.97
300,-64097,True,0.97
300,-64383,True,0.97
300,-64690,True,0.97
300,-64059,True,0.97
300,-63364,True,0.97
300,-63332,True,0.97
300,-63819,True,0.97
300,-64267,True,0.97
350,-47356,True,0.97
350,-47543,True,0.97
350,-48264,True,0.97
350,-48256,True,0.97
350,-47775,True,0.97
350,-48020,True,0.97
350,-48671,True,0.97
350,-47954,True,0.97
350,-48176,True,0.97
350,-47848,True,0.97
350,-46759,True,0.97
350,-46775,True,0.97
350,-47111,True,0.97
350,-47310,True,0.97
350,-47336,True,0.97
350,-48083,True,0.97
350,-47913,True,0.97
350,-47275,True,0.97
350,-46515,True,0.97
350,-46527,True,0.97
350,-46977,True,0.97
350,-46853,True,0.97
350,-47064,True,0.97
350,-47062,True,0.97
350,-47076,True,0.97
350,-47025,True,0.97
350,-47378,True,0.97
350,-47122,True,0.97
350,-46663,True,0.97
350,-46992,True,0.97
400,-29404,True,0.97
400,-29732,True,0.97
400,-30378,True,0.97
400,-29696,True,0.97
400,-29599,True,0.97
400,-29367,True,0.97
400,-29860,True,0.97
400,-30611,True,0.97
400,-30428,True,0.97
400,-30077,True,0.97
400,-29820,True,0.97
400,-30169,True,0.97
400,-30618,True,0.97
400,-30634,True,0.97
400,-30689,True,0.97
400,-30535,True,0.97
400,-30566,True,0.97
400,-29855,True,0.97
400,-29524,True,0.97
400,-30593,True,0.97
400,-30552,True,0.97
400,-30196,True,0.97
400,-30884,True,0.97
400,-30359,True,0.97
400,-30588,True,0.97
400,-30085,True,0.97
400,-29718,True,0.97
400,-30274,True,0.97
400,-30139,True,0.97
400,-30785,True,0.97
450,-13838,True,0.97
450,-13485,True,0.97
450,-12792,True,0.97
450,-13825,True,0.97
450,-14155,True,0.97
450,-13037,True,0.97
450,-12768,True,0.97
450,-12996,True,0.97
450,-13325,True,0.97
450,-13065,True,0.97
450,-13435,True,0.97
450,-14059,True,0.97
450,-13856,True,0.97
450,-13204,True,0.97
450,-13816,True,0.97
450,-14347,True,0.97
450,-13696,True,0.97
450,-13794,True,0.97
450,-14499,True,0.97
450,-13821,True,0.97
450,-13823,True,0.97
450,-14130,True,0.97
450,-14109,True,0.97
450,-13749,True,0.97
450,-13674,True,0.97
450,-13075,True,0.97
450,-13004,True,0.97
450,-13469,True,0.97
450,-13328,True,0.97
450,-12625,True,0.97
500,5308,True,0.97
500,5150,True,0.97
500,4827,True,0.97
500,2816,True,0.97
500,3486,True,0.97
500,4527,True,0.97
500,2520,True,0.97
500,1746,True,0.97
500,2758,True,0.97
500,3808,True,0.97
500,4606,True,0.97
500,4180,True,0.97
500,2601,True,0.97
500,2071,True,0.97
500,3933,True,0.97
500,4490,True,0.97
500,4029,True,0.97
500,4444,True,0.97
500,3757,True,0.97
500,4300,True,0.97
500,3979,True,0.97
500,3700,True,0.97
500,3906,True,0.97
500,3767,True,0.97
500,3566,True,0.97
500,3142,True,0.97
500,3710,True,0.97
500,4031,True,0.97
500,3578,True,0.97
500,4909,True,0.97
550,22700,True,0.97
550,26218,True,0.97
550,24724,True,0.97
550,24704,True,0.97
550,24039,True,0.97
550,24157,True,0.97
550,23445,True,0.97
550,23039,True,0.97
550,23244,True,0.97
550,23257,True,0.97
550,24031,True,0.97
550,23448,True,0.97
550,22852,True,0.97
550,23877,True,0.97
550,24442,True,0.97
550,24610,True,0.97
550,23316,True,0.97
550,24904,True,0.97
550,25168,True,0.97
550,24940,True,0.97
550,23968,True,0.97
550,22732,True,0.97
550,23783,True,0.97
550,25631,True,0.97
550,25182,True,0.97
550,24663,True,0.97
550,24053,True,0.97
550,23402,True,0.97
550,24566,True,0.97
550,25859,True,0.97
600,43049,True,0.97
600,42366,True,0.97
600,41700,True,0.97
600,41705,True,0.97
600,42316,True,0.97
600,42582,True,0.97
600,44673,True,0.97
600,44057,True,0.97
600,42015,True,0.97
600,42126,True,0.97
600,40572,True,0.97
600,39041,True,0.97
600,38797,True,0.97
600,39254,True,0.97
600,40265,True,0.97
600,41045,True,0.97
600,39687,True,0.97
600,41774,True,0.97
600,41569,True,0.97
600,41113,True,0.97
600,41045,True,0.97
600,42225,True,0.97
600,42933,True,0.97
600,41716,True,0.97
600,42071,True,0.97
600,41437,True,0.97
600,39923,True,0.97
600,39984,True,0.97
600,41487,True,0.97
600,41433,True,0.97
650,67295,True,0.97
650,67900,True,0.97
650,67314,True,0.97
650,64224,True,0.97
650,65240,True,0.97
650,65945,True,0.97
650,65204,True,0.97
650,65061,True,0.97
650,63675,True,0.97
650,65120,True,0.97
650,66262,True,0.97
650,68270,True,0.97
650,69207,True,0.97
650,69881,True,0.97
650,66458,True,0.97
650,65858,True,0.97
650,64624,True,0.97
650,65408,True,0.97
650,65120,True,0.97
650,65103,True,0.97
650,67181,True,0.97
650,66187,True,0.97
650,66173,True,0.97
650,65623,True,0.97
650,64474,True,0.97
650,63090,True,0.97
650,63333,True,0.97
650,66814,True,0.97
650,67171,True,0.97
650,64621,True,0.97
700,94082,True,0.97
700,92956,True,0.97
700,91465,True,0.97
700,91877,True,0.97
700,90807,True,0.97
700,91482,True,0.97
700,90258,True,0.97
700,92051,True,0.97
700,93154,True,0.97
700,93114,True,0.97
700,90513,True,0.97
700,90776,True,0.97
700,89689,True,0.97
700,90524,True,0.97
700,93975,True,0.97
700,94767,True,0.97
700,94694,True,0.97
700,94686,True,0.97
700,92867,True,0.97
700,93828,True,0.97
700,92101,True,0.97
700,94504,True,0.97
700,93979,True,0.97
700,94089,True,0.97
700,93540,True,0.97
700,88815,True,0.97
700,88734,True,0.97
700,89730,True,0.97
700,90427,True,0.97
700,91970,True,0.97
750,120124,True,0.97
750,122168,True,0.97
750,121921,True,0.97
750,119458,True,0.97
750,119967,True,0.97
750,118577,True,0.97
750,118068,True,0.97
750,-260280,True,0.97
750,-260280,True,0.97
750,118270,True,0.97
750,120068,True,0.97
750,119694,True,0.97
750,121414,True,0.97
750,119408,True,0.97
750,119257,True,0.97
750,119677,True,0.97
750,122224,True,0.97
750,120867,True,0.97
750,120263,True,0.97
750,122262,True,0.97
750,120787,True,0.97
750,119208,True,0.97
750,120137,True,0.97
750,118797,True,0.97
750,117198,True,0.97
750,119285,True,0.97
750,120236,True,0.97
750,120599,True,0.97
750,119594,True,0.97
750,118255,True,0.97
800,152856,True,0.97
800,154127,True,0.97
800,150946,True,0.97
800,150902,True,0.97
800,151171,True,0.97
800,149936,True,0.97
800,149868,True,0.97
800,151655,True,0.97
800,151524,True,0.97
800,152468,True,0.97
800,152166,True,0.97
800,149722,True,0.97
800,149140,True,0.97
800,149357,True,0.97
800,149143,True,0.97
800,148443,True,0.97
800,149412,True,0.97
800,150862,True,0.97
800,150857,True,0.97
800,151230,True,0.97
800,148551,True,0.97
800,149784,True,0.97
800,150043,True,0.97
800,146691,True,0.97
800,148768,True,0.97
800,153179,True,0.97
800,152110,True,0.97
800,153161,True,0.97
800,151066,True,0.97
800,149520,True,0.97
850,190699,True,0.97
850,189856,True,0.97
850,185678,True,0.97
850,186379,True,0.97
850,187281,True,0.97
850,186975,True,0.97
850,188907,True,0.97
850,188802,True,0.97
850,187909,True,0.97
850,187048,True,0.97
850,186759,True,0.97
850,187008,True,0.97
850,188519,True,0.97
850,187932,True,0.97
850,186830,True,0.97
850,186960,True,0.97
850,185849,True,0.97
850,186331,True,0.97
850,185121,True,0.97
850,182899,True,0.97
850,181855,True,0.97
850,183645,True,0.97
850,184164,True,0.97
850,184903,True,0.97
850,185510,True,0.97
850,182816,True,0.97
850,180814,True,0.97
850,183157,True,0.97
850,184791,True,0.97
850,187222,True,0.97
900,224962,True,0.97
900,222117,True,0.97
900,221103,True,0.97
900,221858,True,0.97
900,220858,True,0.97
900,222879,True,0.97
900,220782,True,0.97
900,218237,True,0.97
900,221779,True,0.97
900,222364,True,0.97
900,221635,True,0.97
900,222175,True,0.97
900,224094,True,0.97
900,222178,True,0.97
900,219753,True,0.97
900,217320,True,0.97
900,217728,True,0.97
900,221253,True,0.97
900,221460,True,0.97
900,219595,True,0.97
900,220155,True,0.97
900,221137,True,0.97
900,216968,True,0.97
900,217613,True,0.97
900,220235,True,0.97
900,218311,True,0.97
900,215778,True,0.97
900,217417,True,0.97
900,221708,True,0.97
900,222151,True,0.97
950,257734,True,0.97
950,253825,True,0.97
950,252087,True,0.97
950,251719,True,0.97
950,253139,True,0.97
950,254090,True,0.97
950,257686,True,0.97
950,258615,True,0.97
950,255809,True,0.97
950,255626,True,0.97
950,255323,True,0.97
950,253210,True,0.97
950,255624,True,0.97
950,252550,True,0.97
950,251998,True,0.97
950,254674,True,0.97
950,250942,True,0.97
950,250251,True,0.97
950,255103,True,0.97
950,256702,True,0.97
950,254290,True,0.97
950,253693,True,0.97
950,255016,True,0.97
950,258521,True,0.97
950,255142,True,0.97
950,253224,True,0.97
950,253336,True,0.97
950,255138,True,0.97
950,255598,True,0.97
950,259405,True,0.97
1000,292050,True,0.97
1000,287623,True,0.97
1000,291381,True,0.97
1000,292340,True,0.97
1000,291881,True,0.97
1000,293992,True,0.97
1000,291506,True,0.97
1000,292118,True,0.97
1000,289616,True,0.97
1000,292982,True,0.97
1000,288752,True,0.97
1000,286999,True,0.97
1000,286228,True,0.97
1000,285685,True,0.97
1000,285664,True,0.97
1000,285664,True,0.97
1000,288024,True,0.97
1000,287693,True,0.97
1000,288377,True,0.97
1000,285676,True,0.97
1000,288125,True,0.97
1000,286825,True,0.97
1000,286149,True,0.97
1000,286863,True,0.97
1000,290145,True,0.97
1000,288046,True,0.97
1000,284086,True,0.97
1000,286077,True,0.97
1000,284134,True,0.97
1000,285826,True,0.97
1050,327638,True,0.97
1050,330313,True,0.97
1050,327991,True,0.97
1050,332966,True,0.97
1050,325789,True,0.97
1050,322346,True,0.97
1050,320076,True,0.97
1050,319113,True,0.97
1050,321770,True,0.97
1050,327448,True,0.97
1050,325339,True,0.97
1050,320821,True,0.97
1050,318611,True,0.97
1050,319314,True,0.97
1050,321765,True,0.97
1050,317426,True,0.97
1050,314011,True,0.97
1050,322343,True,0.97
1050,322229,True,0.97
1050,323485,True,0.97
1050,327192,True,0.97
1050,316347,True,0.97
1050,317173,True,0.97
1050,320078,True,0.97
1050,318053,True,0.97
1050,323788,True,0.97
1050,321167,True,0.97
1050,323490,True,0.97
1050,324497,True,0.97
1050,324086,True,0.97
1100,358648,True,0.97
1100,358715,True,0.97
1100,357131,True,0.97
1100,357357,True,0.97
1100,357930,True,0.97
1100,360470,True,0.97
1100,360409,True,0.97
1100,358498,True,0.97
1100,354780,True,0.97
1100,353942,True,0.97
1100,354419,True,0.97
1100,354457,True,0.97
1100,353945,True,0.97
1100,356473,True,0.97
1100,353775,True,0.97
1100,352127,True,0.97
1100,352155,True,0.97
1100,351674,True,0.97
1100,352225,True,0.97
1100,355042,True,0.97
1100,356077,True,0.97
1100,354851,True,0.97
1100,355920,True,0.97
1100,355462,True,0.97
1100,353102,True,0.97
1100,349865,True,0.97
1100,349484,True,0.97
1100,349165,True,0.97
1100,349004,True,0.97
1100,349560,True,0.97
1150,352052,True,0.97
1150,347807,True,0.97
1150,347717,True,0.97
1150,347634,True,0.97
1150,347089,True,0.97
1150,349421,True,0.97
1150,349140,True,0.97
1150,349604,True,0.97
1150,350496,True,0.97
1150,347030,True,0.97
1150,344392,True,0.97
1150,344392,True,0.97
1150,345328,True,0.97
1150,346834,True,0.97
1150,345022,True,0.97
1150,346725,True,0.97
1150,348704,True,0.97
1150,348129,True,0.97
1150,347313,True,0.97
1150,347512,True,0.97
1150,347363,True,0.97
1150,348352,True,0.97
1150,348069,True,0.97
1150,350230,True,0.97
1150,351273,True,0.97
1150,349690,True,0.97
1150,347416,True,0.97
1150,347744,True,0.97
1150,348319,True,0.97
1150,347851,True,0.97
1200,348796,True,0.97
1200,347376,True,0.97
1200,347886,True,0.97
1200,347310,True,0.97
1200,345728,True,0.97
1200,346255,True,0.97
1200,346629,True,0.97
1200,346027,True,0.97
1200,348569,True,0.97
1200,345478,True,0.97
1200,343653,True,0.97
1200,343242,True,0.97
1200,343170,True,0.97
1200,345554,True,0.97
1200,343726,True,0.97
1200,343877,True,0.97
1200,345625,True,0.97
1200,346743,True,0.97
1200,345242,True,0.97
1200,344545,True,0.97
1200,342633,True,0.97
1200,343483,True,0.97
1200,342534,True,0.97
1200,345329,True,0.97
1200,346381,True,0.97
1200,345135,True,0.97
1200,343964,True,0.97
1200,344614,True,0.97
1200,343825,True,0.97
1200,344545,True,0.97
